-- phpMyAdmin SQL Dump
-- version 4.5.2
-- http://www.phpmyadmin.net
--
-- Host: localhost
-- Generation Time: Oct 30, 2017 at 05:01 PM
-- Server version: 10.1.16-MariaDB
-- PHP Version: 5.5.38

SET SQL_MODE = "NO_AUTO_VALUE_ON_ZERO";
SET time_zone = "+00:00";


/*!40101 SET @OLD_CHARACTER_SET_CLIENT=@@CHARACTER_SET_CLIENT */;
/*!40101 SET @OLD_CHARACTER_SET_RESULTS=@@CHARACTER_SET_RESULTS */;
/*!40101 SET @OLD_COLLATION_CONNECTION=@@COLLATION_CONNECTION */;
/*!40101 SET NAMES utf8mb4 */;

--
-- Database: `mindler`
--

-- --------------------------------------------------------

--
-- Table structure for table `career_domains`
--

CREATE TABLE `career_domains` (
  `id` int(2) DEFAULT NULL,
  `package` int(1) DEFAULT NULL,
  `other_id` int(2) DEFAULT NULL,
  `domain` varchar(28) DEFAULT NULL,
  `sub_domain` varchar(26) DEFAULT NULL,
  `domain_image` varchar(30) DEFAULT NULL
) ENGINE=InnoDB DEFAULT CHARSET=utf8;

--
-- Dumping data for table `career_domains`
--

INSERT INTO `career_domains` (`id`, `package`, `other_id`, `domain`, `sub_domain`, `domain_image`) VALUES
(1, 2, 1, 'Engineering', 'Engineering', 'Engineering.jpg'),
(2, 2, 1, 'Computer Application & IT', 'Computer-Application-IT', 'Computer_Application_& _IT.png'),
(3, 2, 1, 'Ethical Hacking', 'Ethical-Hacking', 'Ethical_Hacking.jpg'),
(4, 2, 1, 'Aviation', 'Aviation', 'Aviation.jpg'),
(5, 2, 1, 'Architecture', 'Architecture', 'Architecture.jpg'),
(6, 2, 1, 'Merchant Navy', 'Merchant-Navy', 'Merchant_Navy.jpg'),
(7, 2, 2, 'Food & Agriculture', 'Food-Agriculture', 'Food_&_Agriculture.jpg'),
(8, 2, 2, 'Physical Science', 'Physical-Science', 'Physical_Sciences.jpg'),
(9, 2, 2, 'Life Science & Environment', 'Life-Science-Environment', 'Life_Sciences.jpg'),
(10, 2, 2, 'Maths & Statistics', 'Maths-Statistics', 'Maths_&_Stats.jpg'),
(11, 2, 3, 'Medicine', 'Medicine', 'Medicine_&_Fitness.jpg'),
(13, 2, 3, 'Allied Medicine', 'Allied-Medicine', 'Allied_Medicine.jpeg'),
(14, 2, 3, 'Nutrition & Fitness', 'Nutrition-Fitness', 'Nutrition_&_Fitness.jpg'),
(15, 2, 4, 'Design', 'Design', 'Design.jpg'),
(16, 2, 4, 'Animation & Graphics', 'Animation-Graphics', 'Animation_&_Graphics.jpg'),
(18, 2, 5, 'Media & Communication', 'Media-Communication', 'Media_&_Communication.jpg'),
(20, 2, 6, 'Applied Arts', 'Applied-Arts', 'Applied_Arts.jpg'),
(21, 2, 7, 'Performing Arts', 'Performing-Arts', 'Performing_Arts.jpg'),
(23, 2, 8, 'Cabin Crew', 'Cabin-Crew', 'Cabin_Crew.jpg'),
(24, 2, 8, 'Hotel Management', 'Hotel-Management', 'Hotel_Management.jpeg'),
(26, 2, 9, 'Civil Services', 'Civil-Services', 'Civil_Services.jpg'),
(27, 2, 10, 'Defense', 'Defense', 'Defense.jpg'),
(28, 2, 11, 'Marketing & Advertising', 'Marketing-Advertising', 'Marketing.jpg'),
(30, 2, 12, 'Sales', 'Sales', 'Sales.jpg'),
(32, 2, 13, 'Management', 'Management', 'Management.jpg'),
(33, 2, 14, 'Entrepreneurship', 'Entrepreneurship', 'Entrepreneurship.jpg'),
(34, 2, 15, 'Law', 'Law', 'Law.jpg'),
(35, 2, 16, 'Finance & Banking', 'Finance-Banking', 'Finance.jpg'),
(37, 2, 16, 'Commerce & Accounts', 'Commerce-Accounts', 'Accounting.jpg'),
(39, 2, 17, 'Actuarial Sciences', 'Actuarial-Sciences', 'Actuarial_Sciences.jpg'),
(40, 2, 18, 'Economics', 'Economics', 'Economics.jpg'),
(41, 2, 18, 'Social Sciences & Humanities', 'Social-Sciences-Humanities', 'Social_Sciences.jpg'),
(42, 2, 19, 'Social Services', 'Social-Services', 'Social_Services.jpg'),
(43, 2, 19, 'Education & Training', 'Education-Training', 'Education_&_Training.jpg'),
(44, 2, 20, 'Distribution & Logistics', 'Distribution-Logistics', 'Distribution_&_Logistics.jpg');

-- --------------------------------------------------------

--
-- Table structure for table `career_os_sd_match`
--

CREATE TABLE `career_os_sd_match` (
  `id` int(5) NOT NULL,
  `user_id` int(5) DEFAULT NULL,
  `os_parameter` varchar(1) DEFAULT NULL,
  `score` int(1) DEFAULT NULL,
  `stanine` int(1) DEFAULT NULL,
  `yanivas` decimal(10,8) DEFAULT NULL
) ENGINE=InnoDB DEFAULT CHARSET=utf8;

--
-- Dumping data for table `career_os_sd_match`
--

INSERT INTO `career_os_sd_match` (`id`, `user_id`, `os_parameter`, `score`, `stanine`, `yanivas`) VALUES
(16256, 16677, 'A', 4, 6, '0.34922861'),
(16257, 16677, 'I', 5, 6, '0.62948207'),
(16258, 16677, 'N', 1, 2, '-1.39947090'),
(16259, 16677, 'P', 5, 6, '0.40754258'),
(16260, 16678, 'A', 1, 2, '-1.33380084'),
(16261, 16678, 'I', 8, 9, '2.22310757'),
(16262, 16678, 'N', 1, 2, '-1.39947090'),
(16263, 16678, 'P', 5, 6, '0.40754258'),
(16264, 16680, 'A', 4, 6, '0.34922861'),
(16265, 16680, 'I', 2, 3, '-0.96414343'),
(16266, 16680, 'N', 4, 5, '0.18783069'),
(16267, 16680, 'P', 5, 6, '0.40754258'),
(16268, 16679, 'A', 4, 6, '0.34922861'),
(16269, 16679, 'I', 2, 3, '-0.96414343'),
(16270, 16679, 'N', 5, 6, '0.71693122'),
(16271, 16679, 'P', 4, 5, '-0.07907543'),
(16280, 16683, 'A', 6, 8, '1.47124825'),
(16281, 16683, 'I', 3, 4, '-0.43293493'),
(16282, 16683, 'N', 3, 4, '-0.34126984'),
(16283, 16683, 'P', 3, 4, '-0.56569343'),
(16329, 16682, 'A', 3, 5, '-0.21178121'),
(16330, 16682, 'I', 5, 6, '0.62948207'),
(16331, 16682, 'N', 3, 4, '-0.34126984'),
(16332, 16682, 'P', 4, 5, '-0.07907543');

-- --------------------------------------------------------

--
-- Table structure for table `final_calculation`
--

CREATE TABLE `final_calculation` (
  `id` int(5) NOT NULL,
  `user_id` int(5) DEFAULT NULL,
  `career_id` int(2) DEFAULT NULL,
  `match` decimal(10,8) DEFAULT NULL
) ENGINE=InnoDB DEFAULT CHARSET=utf8;

--
-- Dumping data for table `final_calculation`
--

INSERT INTO `final_calculation` (`id`, `user_id`, `career_id`, `match`) VALUES
(80213, 16677, 1, '44.32249999'),
(80214, 16677, 2, '53.23106999'),
(80215, 16677, 3, '51.63155999'),
(80216, 16677, 4, '55.07999999'),
(80217, 16677, 5, '48.49248499'),
(80218, 16677, 6, '46.24820999'),
(80219, 16677, 7, '45.56042999'),
(80220, 16677, 8, '40.30509999'),
(80221, 16677, 9, '42.02427999'),
(80222, 16677, 10, '51.09178999'),
(80223, 16677, 11, '44.66012999'),
(80224, 16677, 12, '45.55297999'),
(80225, 16677, 13, '50.71736999'),
(80226, 16677, 14, '54.28428999'),
(80227, 16677, 15, '61.29146000'),
(80228, 16677, 16, '58.62917499'),
(80229, 16677, 17, '68.98643000'),
(80230, 16677, 18, '60.07845000'),
(80231, 16677, 19, '68.41095000'),
(80232, 16677, 20, '55.98825000'),
(80233, 16677, 21, '55.05679999'),
(80234, 16677, 22, '64.13035997'),
(80235, 16677, 23, '68.86802999'),
(80236, 16677, 24, '71.79635000'),
(80237, 16677, 25, '52.19800000'),
(80238, 16677, 26, '52.94680000'),
(80239, 16677, 27, '51.96109000'),
(80240, 16677, 28, '71.32349000'),
(80241, 16677, 29, '70.78777000'),
(80242, 16677, 30, '71.09071000'),
(80243, 16677, 31, '72.45347000'),
(80244, 16677, 32, '74.64991000'),
(80245, 16677, 33, '70.21730999'),
(80246, 16677, 34, '60.47590999'),
(80247, 16677, 35, '70.72490000'),
(80248, 16677, 36, '70.72490000'),
(80249, 16677, 37, '70.65347000'),
(80250, 16677, 38, '62.39934497'),
(80251, 16677, 39, '67.97579999'),
(80252, 16677, 40, '70.18963999'),
(80253, 16677, 41, '52.83462999'),
(80254, 16677, 42, '61.94012000'),
(80255, 16677, 43, '56.61675999'),
(80256, 16677, 44, '69.31561999'),
(80257, 16680, 1, '69.82841999'),
(80258, 16680, 2, '66.13294999'),
(80259, 16680, 3, '62.33316999'),
(80260, 16680, 4, '68.90086000'),
(80261, 16680, 5, '63.17697999'),
(80262, 16680, 6, '71.24340999'),
(80263, 16680, 7, '50.22662999'),
(80264, 16680, 8, '60.58806499'),
(80265, 16680, 9, '54.68840499'),
(80266, 16680, 10, '70.06665499'),
(80267, 16680, 11, '56.71725000'),
(80268, 16680, 12, '54.69940000'),
(80269, 16680, 13, '51.93974999'),
(80270, 16680, 14, '54.57557000'),
(80271, 16680, 15, '56.57514999'),
(80272, 16680, 16, '58.10281999'),
(80273, 16680, 17, '56.74324499'),
(80274, 16680, 18, '55.45339999'),
(80275, 16680, 19, '49.20402499'),
(80276, 16680, 20, '46.97187999'),
(80277, 16680, 21, '49.80036999'),
(80278, 16680, 22, '60.98311999'),
(80279, 16680, 23, '61.17370000'),
(80280, 16680, 24, '63.15448999'),
(80281, 16680, 25, '56.43608000'),
(80282, 16680, 26, '57.92426000'),
(80283, 16680, 27, '61.72035000'),
(80284, 16680, 28, '65.55023000'),
(80285, 16680, 29, '63.86331000'),
(80286, 16680, 30, '72.69666000'),
(80287, 16680, 31, '70.54921996'),
(80288, 16680, 32, '72.62083999'),
(80289, 16680, 33, '74.35890999'),
(80290, 16680, 34, '51.00924999'),
(80291, 16680, 35, '66.23470499'),
(80292, 16680, 36, '66.23470499'),
(80293, 16680, 37, '67.48845499'),
(80294, 16680, 38, '57.80751000'),
(80295, 16680, 39, '69.17317500'),
(80296, 16680, 40, '58.54377499'),
(80297, 16680, 41, '50.36513999'),
(80298, 16680, 42, '57.35490000'),
(80299, 16680, 43, '60.37858999'),
(80300, 16680, 44, '57.36981999'),
(80301, 16678, 1, '73.49507999'),
(80302, 16678, 2, '73.83316999'),
(80303, 16678, 3, '65.58932999'),
(80304, 16678, 4, '69.15015000'),
(80305, 16678, 5, '65.89551999'),
(80306, 16678, 6, '61.32803497'),
(80307, 16678, 7, '55.40742999'),
(80308, 16678, 8, '48.45675000'),
(80309, 16678, 9, '54.05624999'),
(80310, 16678, 10, '66.16475999'),
(80311, 16678, 11, '60.54706999'),
(80312, 16678, 12, '58.85063999'),
(80313, 16678, 13, '55.70336999'),
(80314, 16678, 14, '52.86992999'),
(80315, 16678, 15, '68.51952999'),
(80316, 16678, 16, '70.96333500'),
(80317, 16678, 17, '49.33751000'),
(80318, 16678, 18, '48.86693000'),
(80319, 16678, 19, '53.03317999'),
(80320, 16678, 20, '56.96623999'),
(80321, 16678, 21, '47.06247999'),
(80322, 16678, 22, '57.74722000'),
(80323, 16678, 23, '57.52880499'),
(80324, 16678, 24, '54.93779999'),
(80325, 16678, 25, '45.51355000'),
(80326, 16678, 26, '46.49683000'),
(80327, 16678, 27, '53.23067999'),
(80328, 16678, 28, '50.55384999'),
(80329, 16678, 29, '51.22050999'),
(80330, 16678, 30, '54.84096999'),
(80331, 16678, 31, '53.39687999'),
(80332, 16678, 32, '58.12995999'),
(80333, 16678, 33, '61.29467000'),
(80334, 16678, 34, '53.67719999'),
(80335, 16678, 35, '52.09214999'),
(80336, 16678, 36, '52.09214999'),
(80337, 16678, 37, '53.21897999'),
(80338, 16678, 38, '49.17628999'),
(80339, 16678, 39, '63.77132999'),
(80340, 16678, 40, '52.94183999'),
(80341, 16678, 41, '55.13282999'),
(80342, 16678, 42, '59.25155000'),
(80343, 16678, 43, '56.33268999'),
(80344, 16678, 44, '53.19392999'),
(80345, 16683, 1, '69.46213999'),
(80346, 16683, 2, '65.20952000'),
(80347, 16683, 3, '59.10213999'),
(80348, 16683, 4, '61.53509999'),
(80349, 16683, 5, '57.84582000'),
(80350, 16683, 6, '63.59295999'),
(80351, 16683, 7, '59.37070999'),
(80352, 16683, 8, '58.31642999'),
(80353, 16683, 9, '55.43064499'),
(80354, 16683, 10, '69.58751999'),
(80355, 16683, 11, '53.70695000'),
(80356, 16683, 12, '53.11766000'),
(80357, 16683, 13, '52.57181999'),
(80358, 16683, 14, '53.67075000'),
(80359, 16683, 15, '63.04613999'),
(80360, 16683, 16, '53.88269999'),
(80361, 16683, 17, '58.80722499'),
(80362, 16683, 18, '55.12507999'),
(80363, 16683, 19, '59.29132999'),
(80364, 16683, 20, '53.98689999'),
(80365, 16683, 21, '51.19834999'),
(80366, 16683, 22, '47.67637999'),
(80367, 16683, 23, '52.48234000'),
(80368, 16683, 24, '53.97430999'),
(80369, 16683, 25, '63.70839999'),
(80370, 16683, 26, '65.05719999'),
(80371, 16683, 27, '54.16059999'),
(80372, 16683, 28, '66.94869000'),
(80373, 16683, 29, '67.14512000'),
(80374, 16683, 30, '66.57880000'),
(80375, 16683, 31, '71.68833000'),
(80376, 16683, 32, '74.06931000'),
(80377, 16683, 33, '70.31359999'),
(80378, 16683, 34, '64.32332000'),
(80379, 16683, 35, '72.20262000'),
(80380, 16683, 36, '72.20262000'),
(80381, 16683, 37, '71.59953000'),
(80382, 16683, 38, '66.48400000'),
(80383, 16683, 39, '71.18418999'),
(80384, 16683, 40, '68.40108000'),
(80385, 16683, 41, '56.14728000'),
(80386, 16683, 42, '59.44525000'),
(80387, 16683, 43, '57.80092999'),
(80388, 16683, 44, '67.40645999'),
(80477, 16682, 1, '51.46669000'),
(80478, 16682, 2, '49.59989999'),
(80479, 16682, 3, '53.21049999'),
(80480, 16682, 4, '54.70068999'),
(80481, 16682, 5, '52.78509499'),
(80482, 16682, 6, '52.67006500'),
(80483, 16682, 7, '46.58660999'),
(80484, 16682, 8, '40.94578500'),
(80485, 16682, 9, '53.04712499'),
(80486, 16682, 10, '40.61838499'),
(80487, 16682, 11, '58.89631000'),
(80488, 16682, 12, '59.71774000'),
(80489, 16682, 13, '63.77143999'),
(80490, 16682, 14, '50.07215000'),
(80491, 16682, 15, '52.08803999'),
(80492, 16682, 16, '48.05708999'),
(80493, 16682, 17, '47.92131999'),
(80494, 16682, 18, '38.62248999'),
(80495, 16682, 19, '38.62248999'),
(80496, 16682, 20, '49.25638000'),
(80497, 16682, 21, '54.35896999'),
(80498, 16682, 22, '47.12794999'),
(80499, 16682, 23, '48.17333749'),
(80500, 16682, 24, '43.77417999'),
(80501, 16682, 25, '56.60981000'),
(80502, 16682, 26, '57.87249000'),
(80503, 16682, 27, '60.00311000'),
(80504, 16682, 28, '49.51012000'),
(80505, 16682, 29, '48.35060000'),
(80506, 16682, 30, '38.60314000'),
(80507, 16682, 31, '46.79019999'),
(80508, 16682, 32, '40.90829999'),
(80509, 16682, 33, '46.98881999'),
(80510, 16682, 34, '54.29069000'),
(80511, 16682, 35, '44.64360499'),
(80512, 16682, 36, '44.64360499'),
(80513, 16682, 37, '50.70651499'),
(80514, 16682, 38, '51.92277999'),
(80515, 16682, 39, '42.91176499'),
(80516, 16682, 40, '52.37165499'),
(80517, 16682, 41, '48.44368999'),
(80518, 16682, 42, '44.86932999'),
(80519, 16682, 43, '45.84064000'),
(80520, 16682, 44, '53.81858000');

-- --------------------------------------------------------

--
-- Table structure for table `interest`
--

CREATE TABLE `interest` (
  `id` int(2) DEFAULT NULL,
  `interests` varchar(28) DEFAULT NULL
) ENGINE=InnoDB DEFAULT CHARSET=utf8;

--
-- Dumping data for table `interest`
--

INSERT INTO `interest` (`id`, `interests`) VALUES
(1, 'Conflict Management'),
(2, 'Empathy'),
(3, 'Pro-Social Behavior'),
(4, 'Emotional Regulation'),
(5, 'Emotional Self Awareness'),
(6, 'Emotional Self Efficacy'),
(7, 'Motivation'),
(8, 'Applied Arts'),
(9, 'Commerce & Management'),
(10, 'Defense Services'),
(11, 'Animation & Graphics'),
(12, 'Design'),
(13, 'Distribution & Logistics'),
(14, 'Education & Training'),
(15, 'Social Service'),
(16, 'Architecture'),
(17, 'Aviation'),
(18, 'Ethical Hacking'),
(19, 'Engineering'),
(20, 'Computer Application & IT'),
(21, 'Entrepreneurship'),
(22, 'Accounting'),
(23, 'Finance'),
(24, 'Governance & Administration'),
(25, 'Allied Medicine'),
(26, 'Nutrition & Fitness'),
(27, 'Medicine'),
(28, 'Cabin Crew'),
(29, 'Culinary Chef'),
(30, 'Hospitality'),
(31, 'Insurance'),
(32, 'Legal'),
(33, 'Marketing'),
(34, 'Event Management'),
(35, 'Media & Communication'),
(36, 'Public Relations'),
(37, 'Performing Arts'),
(38, 'Sales'),
(39, 'Food & Agriculture'),
(40, 'Life Science & Environment'),
(41, 'Maths & Stats'),
(42, 'Physical Science'),
(43, 'Research'),
(44, 'Economics'),
(45, 'Social Sciences & Humanities'),
(46, 'Locus of Control'),
(47, 'Resilience'),
(48, 'Integrity'),
(49, 'Moral Conformity'),
(50, 'Agreeableness'),
(51, 'Extraversion'),
(52, 'Team Work'),
(53, 'Decision Making Capacity'),
(54, 'Enterprising'),
(55, 'Intense Pursuit'),
(56, 'Liveliness'),
(57, 'Organizational Skills'),
(58, 'Perfectionism'),
(59, 'Perseverance'),
(60, 'Practical'),
(61, 'Abstract'),
(62, 'Verbal'),
(63, 'Logical Reasoning'),
(64, 'Creative'),
(65, 'Spatial'),
(66, 'Language Usage'),
(67, 'Numerical'),
(68, 'Info Tech'),
(69, 'Mechanical'),
(70, 'Perceptual'),
(71, 'Merchant Navy');

-- --------------------------------------------------------

--
-- Table structure for table `login`
--

CREATE TABLE `login` (
  `id` int(3) NOT NULL,
  `username` varchar(10) NOT NULL,
  `password` varchar(10) NOT NULL
) ENGINE=InnoDB DEFAULT CHARSET=latin1;

--
-- Dumping data for table `login`
--

INSERT INTO `login` (`id`, `username`, `password`) VALUES
(1, 'mindler', 'mindler');

-- --------------------------------------------------------

--
-- Table structure for table `test_incompletion_info`
--

CREATE TABLE `test_incompletion_info` (
  `id` int(5) NOT NULL,
  `user_id` int(5) DEFAULT NULL,
  `test_main_id` int(1) DEFAULT NULL,
  `subtest_id` int(2) DEFAULT NULL,
  `level_id` int(3) DEFAULT NULL,
  `total_question` int(2) DEFAULT NULL,
  `status` int(1) DEFAULT NULL,
  `created_on` int(10) DEFAULT NULL,
  `updated_on` int(10) DEFAULT NULL
) ENGINE=InnoDB DEFAULT CHARSET=utf8;

--
-- Dumping data for table `test_incompletion_info`
--

INSERT INTO `test_incompletion_info` (`id`, `user_id`, `test_main_id`, `subtest_id`, `level_id`, `total_question`, `status`, `created_on`, `updated_on`) VALUES
(50607, 16677, 1, 1, 15, 10, 1, 1481206522, 1481206729),
(50608, 16678, 1, 1, 15, 10, 1, 1481206565, 1481206805),
(50609, 16680, 1, 1, 15, 10, 1, 1481206579, 1481206917),
(50610, 16679, 1, 1, 15, 10, 1, 1481206593, 1481206986),
(50611, 16677, 2, 2, 127, 10, 1, 1481206758, 1481207161),
(50612, 16678, 2, 2, 127, 10, 1, 1481206847, 1481207461),
(50613, 16680, 2, 2, 127, 10, 1, 1481206958, 1481207467),
(50614, 16679, 2, 2, 78, 10, 0, 1481207027, 1481207535),
(50615, 16677, 3, 3, 172, 10, 1, 1481207187, 1481207357),
(50616, 16677, 3, 4, 207, 10, 1, 1481207375, 1481207648),
(50617, 16678, 3, 3, 172, 10, 1, 1481207493, 1481212911),
(50620, 16683, 1, 1, 15, 10, 1, 1481211281, 1481211693),
(50621, 16680, 3, 3, 172, 10, 1, 1481211592, 1481212284),
(50622, 16677, 4, 5, 217, 10, 1, 1481211733, 1481212082),
(50623, 16683, 2, 2, 127, 10, 1, 1481211812, 1481212771),
(50624, 16677, 4, 6, 220, 10, 1, 1481212226, 1481212256),
(50625, 16680, 3, 4, 207, 10, 1, 1481212324, 1481213129),
(50627, 16683, 3, 3, 172, 10, 1, 1481212898, 1481213445),
(50628, 16677, 4, 7, 240, 10, 1, 1481213035, 1481213526),
(50629, 16678, 3, 4, 207, 10, 1, 1481213142, 1481213889),
(50630, 16680, 4, 5, 217, 10, 1, 1481213403, 1481213677),
(50631, 16683, 3, 4, 207, 10, 1, 1481213494, 1481214424),
(50632, 16677, 4, 8, 256, 10, 1, 1481213660, 1481213806),
(50633, 16680, 4, 6, 228, 10, 1, 1481213718, 1481213914),
(50634, 16680, 4, 7, 240, 10, 1, 1481213945, 1481214414),
(50635, 16678, 4, 5, 217, 10, 1, 1481214068, 1481214383),
(50636, 16680, 4, 8, 256, 10, 1, 1481214465, 1481214735),
(50637, 16678, 4, 6, 228, 10, 1, 1481214471, 1481214591),
(50638, 16678, 4, 7, 240, 10, 1, 1481214686, 1481215238),
(50639, 16683, 4, 5, 217, 10, 1, 1481214750, 1481215081),
(50641, 16683, 4, 6, 224, 10, 1, 1481215159, 1481215246),
(50642, 16677, 4, 9, 267, 10, 1, 1481215267, 1481215505),
(50643, 16680, 4, 9, 267, 10, 1, 1481215282, 1481215578),
(50644, 16678, 4, 8, 256, 10, 1, 1481215284, 1481215512),
(50646, 16683, 4, 7, 239, 10, 1, 1481215495, 1481216327),
(50647, 16678, 4, 9, 267, 10, 1, 1481215591, 1481216235),
(50648, 16680, 4, 10, 280, 10, 1, 1481215806, 1481216078),
(50650, 16677, 4, 10, 280, 10, 1, 1481215985, 1481216231),
(50651, 16680, 4, 11, 290, 10, 1, 1481216124, 1481216266),
(50652, 16678, 4, 10, 280, 10, 1, 1481216357, 1481216731),
(50654, 16677, 4, 11, 283, 10, 1, 1481216413, 1481216422),
(50655, 16680, 4, 12, 305, 10, 1, 1481216461, 1481216655),
(50656, 16677, 4, 12, 305, 10, 1, 1481216471, 1481216647),
(50657, 16683, 4, 8, 256, 10, 1, 1481216556, 1481216817),
(50658, 16677, 4, 13, 310, 10, 1, 1481216712, 1481216805),
(50659, 16680, 4, 13, 310, 10, 1, 1481216715, 1481216811),
(50660, 16677, 4, 14, 331, 10, 1, 1481216873, 1481217042),
(50661, 16680, 4, 14, 331, 10, 1, 1481216924, 1481217077),
(50662, 16678, 4, 11, 291, 10, 1, 1481217183, 1481217398),
(50665, 16683, 4, 9, 267, 10, 1, 1481217858, 1481218846),
(50666, 16678, 4, 12, 305, 10, 1, 1481218440, 1481218494),
(50667, 16683, 4, 10, 280, 10, 1, 1481218905, 1481219219),
(50668, 16680, 5, 15, 369, 10, 1, 1481219001, 1481219649),
(50669, 16678, 4, 13, 316, 10, 1, 1481219110, 1481219340),
(50670, 16677, 5, 15, 369, 10, 1, 1481219114, 1481219411),
(50671, 16683, 4, 11, 285, 10, 1, 1481219291, 1481219365),
(50672, 16683, 4, 12, 305, 10, 1, 1481219399, 1481219571),
(50673, 16677, 5, 16, 382, 10, 1, 1481219443, 1481219635),
(50674, 16683, 4, 13, 312, 10, 1, 1481219595, 1481219750),
(50675, 16680, 5, 16, 382, 10, 1, 1481219718, 1481220000),
(50676, 16683, 4, 14, 330, 10, 1, 1481219781, 1481220011),
(50677, 16678, 4, 14, 331, 10, 1, 1481219941, 1481220129),
(50678, 16683, 5, 15, 369, 10, 1, 1481220214, 1481220599),
(50679, 16678, 5, 15, 369, 10, 1, 1481220235, 1481220615),
(50680, 16678, 5, 16, 382, 10, 1, 1481220642, 1481220858),
(50681, 16683, 5, 16, 382, 10, 1, 1481220653, 1481220975),
(50713, 16682, 1, 1, 15, 10, 1, 1481285215, 1481285633),
(50714, 16682, 2, 2, 127, 10, 1, 1481285763, 1481287006),
(50715, 16682, 3, 3, 172, 10, 1, 1481287105, 1481287759),
(50716, 16682, 3, 4, 207, 10, 1, 1481287811, 1481288740),
(50717, 16682, 4, 5, 217, 10, 1, 1481288900, 1481289294),
(50718, 16682, 4, 6, 219, 10, 1, 1481289385, 1481289409),
(50719, 16682, 4, 7, 240, 10, 1, 1481289482, 1481290188),
(50720, 16682, 4, 8, 252, 10, 1, 1481290223, 1481290319),
(50721, 16682, 4, 9, 267, 10, 1, 1481290346, 1481290990),
(50723, 16682, 4, 10, 272, 10, 1, 1481291023, 1481291109),
(50724, 16682, 4, 11, 291, 10, 1, 1481291143, 1481291827),
(50725, 16682, 4, 12, 305, 10, 1, 1481291849, 1481292092),
(50726, 16682, 4, 13, 316, 10, 1, 1481292123, 1481292495),
(50727, 16682, 4, 14, 323, 10, 1, 1481292512, 1481292586),
(50728, 16682, 5, 15, 369, 10, 1, 1481292612, 1481293094),
(50729, 16682, 5, 16, 382, 10, 1, 1481293153, 1481293607);

-- --------------------------------------------------------

--
-- Table structure for table `test_result`
--

CREATE TABLE `test_result` (
  `id` int(6) NOT NULL,
  `user_id` int(5) DEFAULT NULL,
  `sub_dimension_id` int(2) DEFAULT NULL,
  `sd_score` int(2) DEFAULT NULL,
  `stanine` int(1) DEFAULT NULL,
  `level` int(1) DEFAULT NULL,
  `created_on` int(10) DEFAULT NULL,
  `updated_on` int(10) DEFAULT NULL
) ENGINE=InnoDB DEFAULT CHARSET=utf8;

--
-- Dumping data for table `test_result`
--

INSERT INTO `test_result` (`id`, `user_id`, `sub_dimension_id`, `sd_score`, `stanine`, `level`, `created_on`, `updated_on`) VALUES
(180889, 16677, 8, 11, 6, 1, 1481207161, 1481219666),
(180890, 16677, 9, 8, 9, 1, 1481207162, 1481219667),
(180891, 16677, 10, 7, 4, 1, 1481207162, 1481219667),
(180892, 16677, 11, 10, 7, 1, 1481207162, 1481219667),
(180893, 16677, 12, 13, 8, 1, 1481207162, 1481219667),
(180894, 16677, 13, 8, 9, 1, 1481207162, 1481219668),
(180895, 16677, 14, 10, 5, 1, 1481207162, 1481219668),
(180896, 16677, 15, 7, 7, 1, 1481207162, 1481219668),
(180897, 16677, 16, 3, 3, 1, 1481207163, 1481219668),
(180898, 16677, 17, 7, 5, 1, 1481207163, 1481219668),
(180899, 16677, 18, 4, 4, 1, 1481207163, 1481219669),
(180900, 16677, 19, 7, 2, 1, 1481207163, 1481219669),
(180901, 16677, 20, 6, 4, 1, 1481207163, 1481219669),
(180902, 16677, 21, 8, 9, 1, 1481207163, 1481219669),
(180903, 16677, 22, 8, 9, 1, 1481207164, 1481219669),
(180904, 16677, 23, 12, 9, 1, 1481207164, 1481219670),
(180905, 16677, 24, 6, 4, 1, 1481207164, 1481219670),
(180906, 16677, 25, 4, 3, 1, 1481207164, 1481219670),
(180907, 16677, 26, 5, 5, 1, 1481207164, 1481219670),
(180908, 16677, 27, 4, 2, 1, 1481207164, 1481219671),
(180909, 16677, 28, 8, 9, 1, 1481207164, 1481219671),
(180910, 16677, 29, 3, 6, 1, 1481207165, 1481219671),
(180911, 16677, 30, 12, 9, 1, 1481207165, 1481219671),
(180912, 16677, 31, 8, 9, 1, 1481207165, 1481219671),
(180913, 16677, 32, 7, 6, 1, 1481207165, 1481219672),
(180914, 16677, 33, 12, 9, 1, 1481207165, 1481219672),
(180915, 16677, 34, 8, 9, 1, 1481207165, 1481219672),
(180916, 16677, 35, 4, 5, 1, 1481207166, 1481219672),
(180917, 16677, 36, 12, 9, 1, 1481207166, 1481219672),
(180918, 16677, 37, 11, 5, 1, 1481207166, 1481219673),
(180919, 16677, 38, 14, 8, 1, 1481207166, 1481219673),
(180920, 16677, 39, 3, 3, 1, 1481207166, 1481219673),
(180921, 16677, 40, 4, 2, 1, 1481207166, 1481219673),
(180922, 16677, 41, 6, 4, 1, 1481207166, 1481219673),
(180923, 16677, 42, 3, 1, 1, 1481207167, 1481219674),
(180924, 16677, 43, 5, 3, 1, 1481207167, 1481219674),
(180925, 16677, 44, 16, 9, 1, 1481207167, 1481219674),
(180926, 16677, 45, 7, 3, 1, 1481207167, 1481219674),
(180927, 16677, 71, 1, 2, 1, 1481207167, 1481219675),
(180928, 16678, 8, 9, 5, 1, 1481207461, 1481220890),
(180929, 16678, 9, 3, 4, 1, 1481207461, 1481220890),
(180930, 16678, 10, 6, 3, 1, 1481207461, 1481220890),
(180931, 16678, 11, 11, 8, 1, 1481207462, 1481220891),
(180932, 16678, 12, 13, 8, 1, 1481207462, 1481220891),
(180933, 16678, 13, 2, 2, 1, 1481207462, 1481220891),
(180934, 16678, 14, 11, 5, 1, 1481207462, 1481220891),
(180935, 16678, 15, 6, 6, 1, 1481207462, 1481220891),
(180936, 16678, 16, 5, 5, 1, 1481207462, 1481220892),
(180937, 16678, 17, 10, 7, 1, 1481207462, 1481220892),
(180938, 16678, 18, 6, 6, 1, 1481207463, 1481220892),
(180939, 16678, 19, 16, 9, 1, 1481207463, 1481220892),
(180940, 16678, 20, 12, 9, 1, 1481207463, 1481220893),
(180941, 16678, 21, 6, 6, 1, 1481207463, 1481220893),
(180942, 16678, 22, 2, 3, 1, 1481207463, 1481220893),
(180943, 16678, 23, 3, 3, 1, 1481207463, 1481220893),
(180944, 16678, 24, 3, 1, 1, 1481207463, 1481220893),
(180945, 16678, 25, 4, 3, 1, 1481207464, 1481220894),
(180946, 16678, 26, 2, 2, 1, 1481207464, 1481220894),
(180947, 16678, 27, 7, 4, 1, 1481207464, 1481220894),
(180948, 16678, 28, 5, 6, 1, 1481207464, 1481220894),
(180949, 16678, 29, 3, 6, 1, 1481207464, 1481220894),
(180950, 16678, 30, 6, 4, 1, 1481207464, 1481220895),
(180951, 16678, 31, 4, 5, 1, 1481207465, 1481220895),
(180952, 16678, 32, 3, 3, 1, 1481207465, 1481220895),
(180953, 16678, 33, 4, 3, 1, 1481207465, 1481220895),
(180954, 16678, 34, 2, 2, 1, 1481207465, 1481220895),
(180955, 16678, 35, 2, 2, 1, 1481207465, 1481220896),
(180956, 16678, 36, 5, 4, 1, 1481207465, 1481220896),
(180957, 16678, 37, 5, 2, 1, 1481207465, 1481220896),
(180958, 16678, 38, 7, 3, 1, 1481207466, 1481220896),
(180959, 16678, 39, 3, 3, 1, 1481207466, 1481220897),
(180960, 16678, 40, 6, 3, 1, 1481207466, 1481220897),
(180961, 16678, 41, 9, 6, 1, 1481207466, 1481220897),
(180962, 16678, 42, 3, 1, 1, 1481207466, 1481220897),
(180963, 16678, 43, 6, 5, 1, 1481207466, 1481220897),
(180964, 16678, 44, 4, 2, 1, 1481207466, 1481220898),
(180965, 16678, 45, 8, 4, 1, 1481207467, 1481220898),
(180966, 16678, 71, 1, 2, 1, 1481207467, 1481220898),
(180967, 16680, 8, 6, 2, 1, 1481207468, 1481220032),
(180968, 16680, 9, 7, 8, 1, 1481207468, 1481220032),
(180969, 16680, 10, 8, 5, 1, 1481207468, 1481220033),
(180970, 16680, 11, 8, 5, 1, 1481207468, 1481220033),
(180971, 16680, 12, 9, 5, 1, 1481207468, 1481220033),
(180972, 16680, 13, 4, 5, 1, 1481207468, 1481220033),
(180973, 16680, 14, 11, 5, 1, 1481207468, 1481220033),
(180974, 16680, 15, 5, 5, 1, 1481207469, 1481220034),
(180975, 16680, 16, 7, 7, 1, 1481207469, 1481220034),
(180976, 16680, 17, 11, 8, 1, 1481207469, 1481220034),
(180977, 16680, 18, 6, 6, 1, 1481207469, 1481220034),
(180978, 16680, 19, 16, 9, 1, 1481207469, 1481220034),
(180979, 16680, 20, 10, 7, 1, 1481207469, 1481220035),
(180980, 16680, 21, 8, 9, 1, 1481207470, 1481220035),
(180981, 16680, 22, 6, 7, 1, 1481207470, 1481220035),
(180982, 16680, 23, 7, 6, 1, 1481207470, 1481220035),
(180983, 16680, 24, 6, 4, 1, 1481207470, 1481220035),
(180984, 16680, 25, 4, 3, 1, 1481207470, 1481220036),
(180985, 16680, 26, 4, 4, 1, 1481207470, 1481220036),
(180986, 16680, 27, 8, 4, 1, 1481207470, 1481220036),
(180987, 16680, 28, 5, 6, 1, 1481207471, 1481220036),
(180988, 16680, 29, 3, 6, 1, 1481207471, 1481220037),
(180989, 16680, 30, 8, 6, 1, 1481207471, 1481220037),
(180990, 16680, 31, 7, 8, 1, 1481207471, 1481220037),
(180991, 16680, 32, 3, 3, 1, 1481207471, 1481220037),
(180992, 16680, 33, 9, 7, 1, 1481207471, 1481220037),
(180993, 16680, 34, 4, 4, 1, 1481207471, 1481220038),
(180994, 16680, 35, 4, 5, 1, 1481207472, 1481220038),
(180995, 16680, 36, 3, 2, 1, 1481207472, 1481220038),
(180996, 16680, 37, 6, 2, 1, 1481207472, 1481220038),
(180997, 16680, 38, 13, 8, 1, 1481207472, 1481220038),
(180998, 16680, 39, 3, 3, 1, 1481207472, 1481220039),
(180999, 16680, 40, 9, 5, 1, 1481207472, 1481220039),
(181000, 16680, 41, 12, 9, 1, 1481207473, 1481220039),
(181001, 16680, 42, 9, 6, 1, 1481207473, 1481220039),
(181002, 16680, 43, 5, 3, 1, 1481207473, 1481220040),
(181003, 16680, 44, 7, 4, 1, 1481207473, 1481220040),
(181004, 16680, 45, 6, 3, 1, 1481207473, 1481220040),
(181005, 16680, 71, 4, 9, 1, 1481207473, 1481220040),
(181006, 16677, 46, 17, 5, 1, 1481207648, 1481219677),
(181007, 16677, 47, 15, 4, 1, 1481207648, 1481219677),
(181008, 16677, 48, 14, 2, 1, 1481207648, 1481219678),
(181009, 16677, 49, 13, 4, 1, 1481207648, 1481219678),
(181010, 16677, 50, 14, 5, 1, 1481207649, 1481219678),
(181011, 16677, 51, 20, 8, 1, 1481207649, 1481219678),
(181012, 16677, 52, 15, 7, 1, 1481207649, 1481219678),
(181013, 16677, 53, 13, 3, 1, 1481207649, 1481219679),
(181014, 16677, 54, 17, 7, 1, 1481207649, 1481219679),
(181015, 16677, 55, 16, 7, 1, 1481207649, 1481219679),
(181016, 16677, 56, 17, 5, 1, 1481207649, 1481219679),
(181017, 16677, 57, 15, 7, 1, 1481207650, 1481219679),
(181018, 16677, 58, 13, 4, 1, 1481207650, 1481219680),
(181019, 16677, 59, 11, 4, 1, 1481207650, 1481219680),
(181020, 16677, 60, 18, 9, 1, 1481207650, 1481219680),
(181021, 16683, 8, 9, 5, 1, 1481212771, 1481221007),
(181022, 16683, 9, 8, 9, 1, 1481212771, 1481221007),
(181023, 16683, 10, 6, 3, 1, 1481212771, 1481221007),
(181024, 16683, 11, 5, 3, 1, 1481212771, 1481221008),
(181025, 16683, 12, 11, 7, 1, 1481212772, 1481221008),
(181026, 16683, 13, 7, 8, 1, 1481212772, 1481221008),
(181027, 16683, 14, 11, 5, 1, 1481212772, 1481221008),
(181028, 16683, 15, 6, 6, 1, 1481212772, 1481221008),
(181029, 16683, 16, 5, 5, 1, 1481212772, 1481221009),
(181030, 16683, 17, 8, 6, 1, 1481212772, 1481221009),
(181031, 16683, 18, 5, 5, 1, 1481212772, 1481221009),
(181032, 16683, 19, 16, 9, 1, 1481212773, 1481221009),
(181033, 16683, 20, 10, 7, 1, 1481212773, 1481221009),
(181034, 16683, 21, 8, 9, 1, 1481212773, 1481221010),
(181035, 16683, 22, 8, 9, 1, 1481212773, 1481221010),
(181036, 16683, 23, 12, 9, 1, 1481212773, 1481221010),
(181037, 16683, 24, 9, 6, 1, 1481212773, 1481221010),
(181038, 16683, 25, 5, 3, 1, 1481212773, 1481221011),
(181039, 16683, 26, 4, 4, 1, 1481212774, 1481221011),
(181040, 16683, 27, 7, 4, 1, 1481212774, 1481221011),
(181041, 16683, 28, 3, 4, 1, 1481212774, 1481221011),
(181042, 16683, 29, 1, 1, 1, 1481212774, 1481221011),
(181043, 16683, 30, 6, 4, 1, 1481212774, 1481221012),
(181044, 16683, 31, 8, 9, 1, 1481212774, 1481221012),
(181045, 16683, 32, 9, 7, 1, 1481212775, 1481221012),
(181046, 16683, 33, 10, 8, 1, 1481212775, 1481221012),
(181047, 16683, 34, 5, 5, 1, 1481212775, 1481221012),
(181048, 16683, 35, 3, 4, 1, 1481212775, 1481221013),
(181049, 16683, 36, 7, 6, 1, 1481212775, 1481221013),
(181050, 16683, 37, 9, 4, 1, 1481212775, 1481221013),
(181051, 16683, 38, 12, 7, 1, 1481212775, 1481221013),
(181052, 16683, 39, 7, 5, 1, 1481212776, 1481221014),
(181053, 16683, 40, 8, 4, 1, 1481212776, 1481221014),
(181054, 16683, 41, 12, 9, 1, 1481212776, 1481221014),
(181055, 16683, 42, 8, 5, 1, 1481212776, 1481221014),
(181056, 16683, 43, 8, 9, 1, 1481212776, 1481221014),
(181057, 16683, 44, 13, 8, 1, 1481212776, 1481221015),
(181058, 16683, 45, 8, 4, 1, 1481212777, 1481221015),
(181059, 16683, 71, 2, 5, 1, 1481212777, 1481221015),
(181060, 16680, 46, 15, 4, 1, 1481213129, 1481220043),
(181061, 16680, 47, 16, 5, 1, 1481213130, 1481220043),
(181062, 16680, 48, 17, 3, 1, 1481213130, 1481220043),
(181063, 16680, 49, 15, 6, 1, 1481213130, 1481220043),
(181064, 16680, 50, 15, 6, 1, 1481213130, 1481220044),
(181065, 16680, 51, 14, 4, 1, 1481213130, 1481220044),
(181066, 16680, 52, 12, 4, 1, 1481213130, 1481220044),
(181067, 16680, 53, 15, 5, 1, 1481213130, 1481220044),
(181068, 16680, 54, 12, 3, 1, 1481213131, 1481220044),
(181069, 16680, 55, 15, 7, 1, 1481213131, 1481220045),
(181070, 16680, 56, 19, 6, 1, 1481213131, 1481220045),
(181071, 16680, 57, 16, 8, 1, 1481213131, 1481220045),
(181072, 16680, 58, 14, 5, 1, 1481213131, 1481220045),
(181073, 16680, 59, 13, 6, 1, 1481213131, 1481220046),
(181074, 16680, 60, 12, 4, 1, 1481213132, 1481220046),
(181075, 16678, 46, 16, 4, 1, 1481213889, 1481220901),
(181076, 16678, 47, 12, 2, 1, 1481213889, 1481220901),
(181077, 16678, 48, 16, 3, 1, 1481213889, 1481220901),
(181078, 16678, 49, 12, 4, 1, 1481213889, 1481220901),
(181079, 16678, 50, 16, 7, 1, 1481213889, 1481220902),
(181080, 16678, 51, 13, 3, 1, 1481213890, 1481220902),
(181081, 16678, 52, 17, 8, 1, 1481213890, 1481220902),
(181082, 16678, 53, 16, 6, 1, 1481213890, 1481220902),
(181083, 16678, 54, 15, 6, 1, 1481213890, 1481220902),
(181084, 16678, 55, 11, 3, 1, 1481213890, 1481220903),
(181085, 16678, 56, 18, 6, 1, 1481213890, 1481220903),
(181086, 16678, 57, 11, 4, 1, 1481213891, 1481220903),
(181087, 16678, 58, 15, 5, 1, 1481213891, 1481220903),
(181088, 16678, 59, 12, 5, 1, 1481213891, 1481220903),
(181089, 16678, 60, 16, 8, 1, 1481213891, 1481220904),
(181090, 16683, 46, 20, 8, 1, 1481214424, 1481221018),
(181091, 16683, 47, 14, 4, 1, 1481214425, 1481221018),
(181092, 16683, 48, 18, 4, 1, 1481214425, 1481221018),
(181093, 16683, 49, 13, 4, 1, 1481214425, 1481221018),
(181094, 16683, 50, 11, 2, 1, 1481214425, 1481221019),
(181095, 16683, 51, 14, 4, 1, 1481214425, 1481221019),
(181096, 16683, 52, 12, 4, 1, 1481214425, 1481221019),
(181097, 16683, 53, 14, 4, 1, 1481214425, 1481221019),
(181098, 16683, 54, 14, 5, 1, 1481214426, 1481221019),
(181099, 16683, 55, 11, 3, 1, 1481214426, 1481221020),
(181100, 16683, 56, 16, 4, 1, 1481214426, 1481221020),
(181101, 16683, 57, 9, 2, 1, 1481214426, 1481221020),
(181102, 16683, 58, 11, 2, 1, 1481214426, 1481221020),
(181103, 16683, 59, 10, 4, 1, 1481214426, 1481221020),
(181104, 16683, 60, 13, 5, 1, 1481214426, 1481221021),
(181156, 16677, 61, 16, 3, 1, 1481217042, 1481219684),
(181158, 16677, 62, 8, 1, 1, 1481217042, 1481219684),
(181160, 16677, 63, 12, 3, 1, 1481217042, 1481219684),
(181162, 16677, 64, 45, 6, 1, 1481217042, 1481219684),
(181163, 16677, 65, 12, 3, 1, 1481217042, 1481219685),
(181164, 16677, 66, 28, 6, 1, 1481217043, 1481219685),
(181165, 16677, 67, 12, 3, 1, 1481217043, 1481219685),
(181166, 16677, 68, 40, 7, 1, 1481217043, 1481219685),
(181167, 16677, 69, 8, 2, 1, 1481217043, 1481219685),
(181168, 16677, 70, 60, 9, 1, 1481217043, 1481219686),
(181169, 16680, 61, 24, 5, 1, 1481217077, 1481220049),
(181170, 16680, 62, 24, 4, 1, 1481217077, 1481220050),
(181171, 16680, 63, 32, 7, 1, 1481217077, 1481220050),
(181172, 16680, 64, 40, 4, 1, 1481217078, 1481220050),
(181173, 16680, 65, 16, 4, 1, 1481217078, 1481220050),
(181174, 16680, 66, 20, 4, 1, 1481217078, 1481220051),
(181175, 16680, 67, 32, 7, 1, 1481217078, 1481220051),
(181176, 16680, 68, 40, 7, 1, 1481217078, 1481220051),
(181177, 16680, 69, 8, 2, 1, 1481217078, 1481220051),
(181178, 16680, 70, 56, 8, 1, 1481217079, 1481220051),
(181179, 16677, 1, 29, 6, 1, 1481219635, 1481219687),
(181180, 16677, 2, 26, 7, 1, 1481219635, 1481219687),
(181181, 16677, 3, 24, 4, 1, 1481219635, 1481219687),
(181182, 16677, 4, 18, 6, 1, 1481219635, 1481219688),
(181183, 16677, 5, 22, 5, 1, 1481219635, 1481219688),
(181184, 16677, 6, 34, 8, 1, 1481219636, 1481219688),
(181185, 16677, 7, 31, 6, 1, 1481219636, 1481219688),
(181186, 16680, 1, 31, 7, 1, 1481220000, 1481220053),
(181187, 16680, 2, 28, 8, 1, 1481220000, 1481220053),
(181188, 16680, 3, 29, 7, 1, 1481220000, 1481220053),
(181189, 16680, 4, 18, 6, 1, 1481220000, 1481220053),
(181190, 16680, 5, 27, 8, 1, 1481220001, 1481220053),
(181191, 16680, 6, 28, 6, 1, 1481220001, 1481220054),
(181192, 16680, 7, 39, 9, 1, 1481220001, 1481220054),
(181193, 16683, 61, 28, 6, 1, 1481220011, 1481221024),
(181194, 16683, 62, 16, 3, 1, 1481220011, 1481221024),
(181195, 16683, 63, 32, 7, 1, 1481220011, 1481221025),
(181196, 16683, 64, 41, 4, 1, 1481220012, 1481221025),
(181197, 16683, 65, 40, 8, 1, 1481220012, 1481221025),
(181198, 16683, 66, 32, 6, 1, 1481220012, 1481221025),
(181199, 16683, 67, 16, 4, 1, 1481220012, 1481221026),
(181200, 16683, 68, 52, 8, 1, 1481220012, 1481221026),
(181201, 16683, 69, 24, 6, 1, 1481220012, 1481221026),
(181202, 16683, 70, 52, 7, 1, 1481220012, 1481221026),
(181203, 16678, 61, 32, 7, 1, 1481220129, 1481220907),
(181204, 16678, 62, 24, 4, 1, 1481220129, 1481220908),
(181205, 16678, 63, 36, 8, 1, 1481220129, 1481220908),
(181206, 16678, 64, 48, 7, 1, 1481220130, 1481220908),
(181207, 16678, 65, 40, 8, 1, 1481220130, 1481220908),
(181208, 16678, 66, 24, 5, 1, 1481220130, 1481220908),
(181209, 16678, 67, 24, 5, 1, 1481220130, 1481220909),
(181210, 16678, 68, 32, 5, 1, 1481220130, 1481220909),
(181211, 16678, 69, 28, 6, 1, 1481220130, 1481220909),
(181212, 16678, 70, 56, 8, 1, 1481220130, 1481220909),
(181213, 16678, 1, 31, 7, 1, 1481220858, 1481220910),
(181214, 16678, 2, 23, 5, 1, 1481220858, 1481220911),
(181215, 16678, 3, 32, 8, 1, 1481220858, 1481220911),
(181216, 16678, 4, 11, 2, 1, 1481220859, 1481220911),
(181217, 16678, 5, 20, 4, 1, 1481220859, 1481220911),
(181218, 16678, 6, 24, 4, 1, 1481220859, 1481220912),
(181219, 16678, 7, 34, 7, 1, 1481220859, 1481220912),
(181220, 16683, 1, 30, 6, 1, 1481220975, 1481221027),
(181221, 16683, 2, 23, 5, 1, 1481220975, 1481221028),
(181222, 16683, 3, 24, 4, 1, 1481220975, 1481221028),
(181223, 16683, 4, 20, 7, 1, 1481220975, 1481221028),
(181224, 16683, 5, 21, 5, 1, 1481220976, 1481221028),
(181225, 16683, 6, 19, 2, 1, 1481220976, 1481221028),
(181226, 16683, 7, 28, 5, 1, 1481220976, 1481221029),
(181344, 16682, 8, 11, 6, 1, 1481287006, 1481293638),
(181345, 16682, 9, 2, 3, 1, 1481287006, 1481293639),
(181346, 16682, 10, 11, 8, 1, 1481287007, 1481293639),
(181347, 16682, 11, 5, 3, 1, 1481287007, 1481293639),
(181348, 16682, 12, 10, 6, 1, 1481287007, 1481293639),
(181349, 16682, 13, 5, 6, 1, 1481287007, 1481293640),
(181350, 16682, 14, 10, 5, 1, 1481287007, 1481293640),
(181351, 16682, 15, 5, 5, 1, 1481287007, 1481293640),
(181352, 16682, 16, 5, 5, 1, 1481287008, 1481293640),
(181353, 16682, 17, 8, 6, 1, 1481287008, 1481293640),
(181354, 16682, 18, 5, 5, 1, 1481287008, 1481293641),
(181355, 16682, 19, 9, 4, 1, 1481287008, 1481293641),
(181356, 16682, 20, 5, 3, 1, 1481287008, 1481293641),
(181357, 16682, 21, 5, 5, 1, 1481287008, 1481293641),
(181358, 16682, 22, 4, 5, 1, 1481287008, 1481293641),
(181359, 16682, 23, 4, 3, 1, 1481287009, 1481293642),
(181360, 16682, 24, 10, 7, 1, 1481287009, 1481293642),
(181361, 16682, 25, 15, 9, 1, 1481287009, 1481293642),
(181362, 16682, 26, 5, 5, 1, 1481287009, 1481293642),
(181363, 16682, 27, 15, 8, 1, 1481287009, 1481293643),
(181364, 16682, 28, 6, 7, 1, 1481287009, 1481293643),
(181365, 16682, 29, 3, 6, 1, 1481287009, 1481293643),
(181366, 16682, 30, 6, 4, 1, 1481287010, 1481293643),
(181367, 16682, 31, 2, 2, 1, 1481287010, 1481293643),
(181368, 16682, 32, 9, 7, 1, 1481287010, 1481293644),
(181369, 16682, 33, 6, 5, 1, 1481287010, 1481293644),
(181370, 16682, 34, 6, 6, 1, 1481287010, 1481293644),
(181371, 16682, 35, 2, 2, 1, 1481287010, 1481293644),
(181372, 16682, 36, 3, 2, 1, 1481287011, 1481293644),
(181373, 16682, 37, 17, 8, 1, 1481287011, 1481293645),
(181374, 16682, 38, 5, 2, 1, 1481287011, 1481293645),
(181375, 16682, 39, 5, 4, 1, 1481287011, 1481293645),
(181376, 16682, 40, 11, 6, 1, 1481287011, 1481293645),
(181377, 16682, 41, 3, 1, 1, 1481287011, 1481293646),
(181378, 16682, 42, 4, 1, 1, 1481287011, 1481293646),
(181379, 16682, 43, 6, 5, 1, 1481287012, 1481293646),
(181380, 16682, 44, 10, 6, 1, 1481287012, 1481293646),
(181381, 16682, 45, 9, 5, 1, 1481287012, 1481293646),
(181382, 16682, 71, 2, 5, 1, 1481287012, 1481293647),
(181383, 16682, 46, 18, 6, 1, 1481288741, 1481293649),
(181384, 16682, 47, 12, 2, 1, 1481288741, 1481293649),
(181385, 16682, 48, 19, 4, 1, 1481288741, 1481293650),
(181386, 16682, 49, 9, 1, 1, 1481288741, 1481293650),
(181387, 16682, 50, 12, 3, 1, 1481288741, 1481293650),
(181388, 16682, 51, 12, 3, 1, 1481288741, 1481293650),
(181389, 16682, 52, 12, 4, 1, 1481288741, 1481293650),
(181390, 16682, 53, 12, 3, 1, 1481288742, 1481293651),
(181391, 16682, 54, 14, 5, 1, 1481288742, 1481293651),
(181392, 16682, 55, 14, 6, 1, 1481288742, 1481293651),
(181393, 16682, 56, 17, 5, 1, 1481288742, 1481293651),
(181394, 16682, 57, 8, 2, 1, 1481288742, 1481293652),
(181395, 16682, 58, 16, 6, 1, 1481288742, 1481293652),
(181396, 16682, 59, 13, 6, 1, 1481288742, 1481293652),
(181397, 16682, 60, 11, 3, 1, 1481288743, 1481293652),
(181413, 16682, 61, 16, 3, 1, 1481292586, 1481293656),
(181414, 16682, 62, 8, 1, 1, 1481292586, 1481293656),
(181415, 16682, 63, 24, 5, 1, 1481292586, 1481293656),
(181416, 16682, 64, 31, 1, 1, 1481292587, 1481293656),
(181417, 16682, 65, 36, 7, 1, 1481292587, 1481293657),
(181418, 16682, 66, 8, 2, 1, 1481292587, 1481293657),
(181419, 16682, 67, 24, 5, 1, 1481292587, 1481293657),
(181420, 16682, 68, 52, 8, 1, 1481292587, 1481293657),
(181421, 16682, 69, 24, 6, 1, 1481292587, 1481293658),
(181422, 16682, 70, 24, 3, 1, 1481292587, 1481293658),
(181423, 16682, 1, 25, 4, 1, 1481293607, 1481293659),
(181424, 16682, 2, 22, 5, 1, 1481293607, 1481293659),
(181425, 16682, 3, 19, 2, 1, 1481293607, 1481293659),
(181426, 16682, 4, 19, 6, 1, 1481293607, 1481293660),
(181427, 16682, 5, 17, 2, 1, 1481293607, 1481293660),
(181428, 16682, 6, 21, 3, 1, 1481293607, 1481293660),
(181429, 16682, 7, 24, 3, 1, 1481293607, 1481293660);

-- --------------------------------------------------------

--
-- Table structure for table `users`
--

CREATE TABLE `users` (
  `uid` int(5) NOT NULL,
  `salt` varchar(10) DEFAULT NULL,
  `email` varchar(20) DEFAULT NULL,
  `first_name` varchar(7) DEFAULT NULL,
  `last_name` varchar(7) DEFAULT NULL,
  `phone` varchar(10) DEFAULT NULL,
  `staged_at` int(1) DEFAULT NULL,
  `accesscode` varchar(12) DEFAULT NULL
) ENGINE=InnoDB DEFAULT CHARSET=utf8;

--
-- Dumping data for table `users`
--

INSERT INTO `users` (`uid`, `salt`, `email`, `first_name`, `last_name`, `phone`, `staged_at`, `accesscode`) VALUES
(16677, '', 'genesis1@mindler.com', 'Genesis', 'Mindler', '', 2, 'GENESISNOIDA'),
(16678, '', 'genesis2@mindler.com', 'Genesis', 'Mindler', '', 2, 'GENESISNOIDA'),
(16679, '', 'genesis3@mindler.com', 'Genesis', 'Mindler', '', 2, 'GENESISNOIDA'),
(16680, '', 'genesis4@mindler.com', 'Genesis', 'Mindler', '', 2, 'GENESISNOIDA'),
(16681, '', 'genesis5@mindler.com', 'Genesis', 'Mindler', '', 2, 'GENESISNOIDA'),
(16682, '', 'genesis6@mindler.com', 'Genesis', 'Mindler', '', 2, 'GENESISNOIDA'),
(16683, '', 'genesis7@mindler.com', 'Genesis', 'Mindler', '', 2, 'GENESISNOIDA');

-- --------------------------------------------------------

--
-- Table structure for table `user_packages`
--

CREATE TABLE `user_packages` (
  `id` int(5) NOT NULL,
  `user_id` int(5) DEFAULT NULL,
  `package` int(1) DEFAULT NULL,
  `sub_package` int(1) DEFAULT NULL
) ENGINE=InnoDB DEFAULT CHARSET=utf8;

--
-- Dumping data for table `user_packages`
--

INSERT INTO `user_packages` (`id`, `user_id`, `package`, `sub_package`) VALUES
(10454, 16677, 2, 2),
(10455, 16678, 2, 2),
(10456, 16679, 2, 2),
(10457, 16680, 2, 2),
(10458, 16681, 2, 2),
(10459, 16682, 2, 2),
(10460, 16683, 2, 2);

--
-- Indexes for dumped tables
--

--
-- Indexes for table `career_os_sd_match`
--
ALTER TABLE `career_os_sd_match`
  ADD PRIMARY KEY (`id`);

--
-- Indexes for table `final_calculation`
--
ALTER TABLE `final_calculation`
  ADD PRIMARY KEY (`id`);

--
-- Indexes for table `login`
--
ALTER TABLE `login`
  ADD PRIMARY KEY (`id`);

--
-- Indexes for table `test_incompletion_info`
--
ALTER TABLE `test_incompletion_info`
  ADD PRIMARY KEY (`id`);

--
-- Indexes for table `test_result`
--
ALTER TABLE `test_result`
  ADD PRIMARY KEY (`id`);

--
-- Indexes for table `users`
--
ALTER TABLE `users`
  ADD PRIMARY KEY (`uid`);

--
-- Indexes for table `user_packages`
--
ALTER TABLE `user_packages`
  ADD PRIMARY KEY (`id`);

--
-- AUTO_INCREMENT for dumped tables
--

--
-- AUTO_INCREMENT for table `login`
--
ALTER TABLE `login`
  MODIFY `id` int(3) NOT NULL AUTO_INCREMENT, AUTO_INCREMENT=2;
/*!40101 SET CHARACTER_SET_CLIENT=@OLD_CHARACTER_SET_CLIENT */;
/*!40101 SET CHARACTER_SET_RESULTS=@OLD_CHARACTER_SET_RESULTS */;
/*!40101 SET COLLATION_CONNECTION=@OLD_COLLATION_CONNECTION */;
